,variable,Sum of Squared Loadings
0,ID,0.292207166989
1,TIME,0.286029939214
2,SITE,0.285716536057
3,Y,0.253117926304
4,LNDT,0.226570332826
5,LEN.T,0.203088897005
6,CENSOR,0.201052667859
7,ND1,0.200501320523
8,FRAC,0.192844361129
9,ND2,0.181294676704
10,NDT,0.169272331875
11,IV3,0.162515385016
12,IV,0.147786346763
13,HC,0.1173758761
14,AGE,0.0406839857614
15,RACE,0.0199972604618
16,BECK,0.0121751344108
17,TREAT,0.00776985499914
